intentType,obs_collection,provenance_name,instrument_name,project,filters,wave_region,target_name,target_classification,obs_id,s_ra,s_dec,dataproduct_type,proposal_pi,calib_level,t_min,t_max,t_exptime,wavelength_region,em_min,em_max,obs_title,t_obs_release,proposal_id,proposal_type,sequence_number,s_region,jpegURL,dataURL,dataRights,mtFlag,srcDen,obsid,wave_min,wave_max,distance
science,JWST,CALJWST,NIRSPEC/IFU,JWST,F100LP;G140M,INFRARED,B163-G217,Stellar Cluster; Globular star clusters,jw04757-o006_t006_nirspec_g140m-f100lp,10.823500000000001,41.462500000000006,cube,"van Dokkum, Pieter",3,60642.4713903588,60642.48506828704,875.332,INFRARED,700.0,5000.0,Using water to test for variation in the stellar initial mass function,60642.75244209,4757,GO,,POLYGON 10.822532293 41.461778857 10.822532293 41.463223301 10.82445981 41.463223301 10.82445981 41.461778857,mast:JWST/product/jw04757-o006_t006_nirspec_g140m-f100lp_s3d.jpg,mast:JWST/product/jw04757-o006_t006_nirspec_g140m-f100lp_s3d.fits,PUBLIC,False,,233287518,700.0,5000.0,788.3891720017721
science,JWST,CALJWST,NIRSPEC/IFU,JWST,F100LP;G140M,INFRARED,B163-G217,Stellar Cluster; Globular star clusters,jw04757006001_02103_00001_nrs1,10.823500000000001,41.462500000000006,cube,"van Dokkum, Pieter",2,60642.48878320602,60642.48928976852,29.178,INFRARED,700.0,5000.0,Using water to test for variation in the stellar initial mass function,60642.75083328,4757,GO,,POLYGON 10.822566696 41.461772337 10.822566696 41.46310567 10.824420075 41.46310567 10.824420075 41.461772337,mast:JWST/product/jw04757006001_02103_00001_nrs1_cal.jpg,mast:JWST/product/jw04757006001_02103_00001_nrs1_s3d.fits,PUBLIC,False,,233287413,700.0,5000.0,788.4124100971429
science,JWST,CALJWST,NIRSPEC/IFU,JWST,F100LP;G140M,INFRARED,B163-G217,Stellar Cluster; Globular star clusters,jw04757006001_02103_00003_nrs1,10.823500000000001,41.462500000000006,cube,"van Dokkum, Pieter",2,60642.49165430556,60642.49216086805,29.178,INFRARED,700.0,5000.0,Using water to test for variation in the stellar initial mass function,60642.75268515,4757,GO,,POLYGON 10.822506407 41.461811195 10.822506407 41.463144528 10.824359787 41.463144528 10.824359787 41.461811195,mast:JWST/product/jw04757006001_02103_00003_nrs1_cal.jpg,mast:JWST/product/jw04757006001_02103_00003_nrs1_s3d.fits,PUBLIC,False,,233287409,700.0,5000.0,788.4587286595785
science,JWST,CALJWST,NIRSPEC/IFU,JWST,F100LP;G140M,INFRARED,B163-G217,Stellar Cluster; Globular star clusters,jw04757006001_02103_00004_nrs1,10.823500000000001,41.462500000000006,cube,"van Dokkum, Pieter",2,60642.49300541667,60642.49351197917,29.178,INFRARED,700.0,5000.0,Using water to test for variation in the stellar initial mass function,60642.7512731,4757,GO,,POLYGON 10.822632184 41.461857745 10.822632184 41.463191078 10.824485565 41.463191078 10.824485565 41.461857745,mast:JWST/product/jw04757006001_02103_00004_nrs1_cal.jpg,mast:JWST/product/jw04757006001_02103_00004_nrs1_s3d.fits,PUBLIC,False,,233287415,700.0,5000.0,788.7668745614378
science,JWST,CALJWST,NIRSPEC/IFU,JWST,F100LP;G140M,INFRARED,B163-G217,Stellar Cluster; Globular star clusters,jw04757006001_02103_00002_nrs1,10.823500000000001,41.462500000000006,cube,"van Dokkum, Pieter",2,60642.49013431713,60642.49064087963,29.178,INFRARED,700.0,5000.0,Using water to test for variation in the stellar initial mass function,60642.75379627,4757,GO,,POLYGON 10.822571969 41.461896611 10.822571969 41.463229944 10.824425352 41.463229944 10.824425352 41.461896611,mast:JWST/product/jw04757006001_02103_00002_nrs1_cal.jpg,mast:JWST/product/jw04757006001_02103_00002_nrs1_s3d.fits,PUBLIC,False,,233287408,700.0,5000.0,788.8132924246621
science,JWST,CALJWST,NIRSPEC/IFU,JWST,F100LP;G140M,INFRARED,B163-G217,Stellar Cluster; Globular star clusters,jw04757006001_02103_00001_nrs2,10.823500000000001,41.462500000000006,image,"van Dokkum, Pieter",2,60642.4887009838,60642.4892075463,29.178,INFRARED,700.0,5000.0,Using water to test for variation in the stellar initial mass function,60642.69407397,4757,GO,,POLYGON 10.822675641 41.462543792 10.823657375 41.46304276 10.824313129 41.462336645 10.823331678 41.461837623,mast:JWST/product/jw04757006001_02103_00001_nrs2_rateints.jpg,mast:JWST/product/jw04757006001_02103_00001_nrs2_rateints.fits,PUBLIC,False,,233287406,700.0,5000.0,789.5977506707853
science,JWST,CALJWST,NIRSPEC/IFU,JWST,F100LP;G140M,INFRARED,B163-G217,Stellar Cluster; Globular star clusters,jw04757006001_02101_00001_nrs2,10.823500000000001,41.462500000000006,image,"van Dokkum, Pieter",2,60642.471477025465,60642.474178668985,218.833,INFRARED,700.0,5000.0,Using water to test for variation in the stellar initial mass function,60642.74548602,4757,GO,,POLYGON 10.82267592 41.462543758 10.823657652 41.463042728 10.824313409 41.462336614 10.82333196 41.46183759,mast:JWST/product/jw04757006001_02101_00001_nrs2_rateints.jpg,mast:JWST/product/jw04757006001_02101_00001_nrs2_rateints.fits,PUBLIC,False,,233287507,700.0,5000.0,789.5980144809665
science,JWST,CALJWST,NIRSPEC/IFU,JWST,F100LP;G140M,INFRARED,B163-G217,Stellar Cluster; Globular star clusters,jw04757006001_02101_00003_nrs2,10.823500000000001,41.462500000000006,image,"van Dokkum, Pieter",2,60642.47873849537,60642.48144013889,218.833,INFRARED,700.0,5000.0,Using water to test for variation in the stellar initial mass function,60642.73814804,4757,GO,,POLYGON 10.822615481 41.462582551 10.823597215 41.463081519 10.82425297 41.462375404 10.823271519 41.461876382,mast:JWST/product/jw04757006001_02101_00003_nrs2_rateints.jpg,mast:JWST/product/jw04757006001_02101_00003_nrs2_rateints.fits,PUBLIC,False,,233287494,700.0,5000.0,789.6434641592006
science,JWST,CALJWST,NIRSPEC/IFU,JWST,F100LP;G140M,INFRARED,B163-G217,Stellar Cluster; Globular star clusters,jw04757006001_02103_00003_nrs2,10.823500000000001,41.462500000000006,image,"van Dokkum, Pieter",2,60642.49157208333,60642.49207864583,29.178,INFRARED,700.0,5000.0,Using water to test for variation in the stellar initial mass function,60642.69425915,4757,GO,,POLYGON 10.822615394 41.462582624 10.823597129 41.463081592 10.824252883 41.462375477 10.823271432 41.461876455,mast:JWST/product/jw04757006001_02103_00003_nrs2_rateints.jpg,mast:JWST/product/jw04757006001_02103_00003_nrs2_rateints.fits,PUBLIC,False,,233287407,700.0,5000.0,789.643602337953
science,JWST,CALJWST,NIRSPEC/IFU,JWST,F100LP;G140M,INFRARED,B163-G217,Stellar Cluster; Globular star clusters,jw04757006001_02101_00004_nrs2,10.823500000000001,41.462500000000006,image,"van Dokkum, Pieter",2,60642.4822844213,60642.48498606482,218.833,INFRARED,700.0,5000.0,Using water to test for variation in the stellar initial mass function,60642.69619199,4757,GO,,POLYGON 10.822741181 41.462629093 10.823722917 41.46312806 10.824378671 41.462421944 10.823397218 41.461922923,mast:JWST/product/jw04757006001_02101_00004_nrs2_rateints.jpg,mast:JWST/product/jw04757006001_02101_00004_nrs2_rateints.fits,PUBLIC,False,,233287414,700.0,5000.0,789.9519646791588
science,JWST,CALJWST,NIRSPEC/IFU,JWST,F100LP;G140M,INFRARED,B163-G217,Stellar Cluster; Globular star clusters,jw04757006001_02103_00004_nrs2,10.823500000000001,41.462500000000006,image,"van Dokkum, Pieter",2,60642.493092083336,60642.49359864584,29.178,INFRARED,700.0,5000.0,Using water to test for variation in the stellar initial mass function,60642.69457161,4757,GO,,POLYGON 10.822741121 41.462629212 10.823722858 41.463128179 10.824378611 41.462422064 10.823397159 41.461923042,mast:JWST/product/jw04757006001_02103_00004_nrs2_rateints.jpg,mast:JWST/product/jw04757006001_02103_00004_nrs2_rateints.fits,PUBLIC,False,,233287410,700.0,5000.0,789.9522679225377
science,JWST,CALJWST,NIRSPEC/IFU,JWST,F100LP;G140M,INFRARED,B163-G217,Stellar Cluster; Globular star clusters,jw04757006001_02101_00002_nrs2,10.823500000000001,41.462500000000006,image,"van Dokkum, Pieter",2,60642.47502369213,60642.47772533565,218.833,INFRARED,700.0,5000.0,Using water to test for variation in the stellar initial mass function,60642.74528926,4757,GO,,POLYGON 10.822681058 41.462667942 10.823662794 41.463166911 10.82431855 41.462460796 10.823337098 41.461961773,mast:JWST/product/jw04757006001_02101_00002_nrs2_rateints.jpg,mast:JWST/product/jw04757006001_02101_00002_nrs2_rateints.fits,PUBLIC,False,,233287508,700.0,5000.0,789.998011912932
science,JWST,CALJWST,NIRSPEC/IFU,JWST,F100LP;G140M,INFRARED,B163-G217,Stellar Cluster; Globular star clusters,jw04757006001_02103_00002_nrs2,10.823500000000001,41.462500000000006,image,"van Dokkum, Pieter",2,60642.4902209838,60642.4907275463,29.178,INFRARED,700.0,5000.0,Using water to test for variation in the stellar initial mass function,60642.69427073,4757,GO,,POLYGON 10.82268093 41.462668036 10.823662667 41.463167004 10.824318422 41.462460889 10.823336969 41.461961867,mast:JWST/product/jw04757006001_02103_00002_nrs2_rateints.jpg,mast:JWST/product/jw04757006001_02103_00002_nrs2_rateints.fits,PUBLIC,False,,233287412,700.0,5000.0,789.9981622135446
science,JWST,APT,MIRI/IFU,JWST,F560W,INFRARED,M31-CLUSTER-445,,jw06852003001_xx103_00003_miri,10.951922916666666,41.44823611111111,spectrum,"Goldman, Steven",-1,,,1242.276,INFRARED,5000.0,6200.0,Calibrating Stellar Evolutionary Models using M31 Clusters,,6852,GO,3,POLYGON 10.95111281028 41.44893952299 10.95229300557 41.44881549746 10.9521051115 41.44778424791 10.95092074674 41.44792241037,,,PUBLIC,False,,278799196,5000.0,6200.0,966.1791360174362
science,JWST,APT,MIRI/IFU,JWST,F770W,INFRARED,M31-CLUSTER-445,,jw06852003001_xx107_00003_miri,10.951922916666666,41.44823611111111,spectrum,"Goldman, Steven",-1,,,1242.276,INFRARED,6600.0,8800.0,Calibrating Stellar Evolutionary Models using M31 Clusters,,6852,GO,7,POLYGON 10.95111281028 41.44893952299 10.95229300557 41.44881549746 10.9521051115 41.44778424791 10.95092074674 41.44792241037,,,PUBLIC,False,,278799236,6600.0,8800.0,966.1791360174362
science,JWST,APT,MIRI/IFU,JWST,F1000W,INFRARED,M31-CLUSTER-445,,jw06852003001_xx10b_00003_miri,10.951922916666666,41.44823611111111,spectrum,"Goldman, Steven",-1,,,1242.276,INFRARED,9000.0,11000.0,Calibrating Stellar Evolutionary Models using M31 Clusters,,6852,GO,11,POLYGON 10.95111281028 41.44893952299 10.95229300557 41.44881549746 10.9521051115 41.44778424791 10.95092074674 41.44792241037,,,PUBLIC,False,,278799284,9000.0,11000.0,966.1791360174362
science,JWST,APT,MIRI/IFU,JWST,F560W,INFRARED,M31-CLUSTER-445,,jw06852003001_xx101_00001_miri,10.951922916666666,41.44823611111111,spectrum,"Goldman, Steven",-1,,,1242.276,INFRARED,5000.0,6200.0,Calibrating Stellar Evolutionary Models using M31 Clusters,,6852,GO,1,POLYGON 10.95102089233 41.44902498453 10.95220108935 41.44890095994 10.9520131965 41.44786971024 10.95082882998 41.44800787176,,,PUBLIC,False,,278799133,5000.0,6200.0,966.1993322033519
science,JWST,APT,MIRI/IFU,JWST,F770W,INFRARED,M31-CLUSTER-445,,jw06852003001_xx105_00001_miri,10.951922916666666,41.44823611111111,spectrum,"Goldman, Steven",-1,,,1242.276,INFRARED,6600.0,8800.0,Calibrating Stellar Evolutionary Models using M31 Clusters,,6852,GO,5,POLYGON 10.95102089233 41.44902498453 10.95220108935 41.44890095994 10.9520131965 41.44786971024 10.95082882998 41.44800787176,,,PUBLIC,False,,278799220,6600.0,8800.0,966.1993322033519
science,JWST,APT,MIRI/IFU,JWST,F1000W,INFRARED,M31-CLUSTER-445,,jw06852003001_xx109_00001_miri,10.951922916666666,41.44823611111111,spectrum,"Goldman, Steven",-1,,,1242.276,INFRARED,9000.0,11000.0,Calibrating Stellar Evolutionary Models using M31 Clusters,,6852,GO,9,POLYGON 10.95102089233 41.44902498453 10.95220108935 41.44890095994 10.9520131965 41.44786971024 10.95082882998 41.44800787176,,,PUBLIC,False,,278799242,9000.0,11000.0,966.1993322033519
science,JWST,APT,MIRI/IFU,JWST,F560W,INFRARED,M31-CLUSTER-445,,jw06852003001_xx104_00004_miri,10.951922916666666,41.44823611111111,spectrum,"Goldman, Steven",-1,,,1242.276,INFRARED,5000.0,6200.0,Calibrating Stellar Evolutionary Models using M31 Clusters,,6852,GO,4,POLYGON 10.95179996807 41.44859017493 10.9529801557 41.44846614238 10.95279225172 41.44743489394 10.95160789479 41.44757306345,,,PUBLIC,False,,278799217,5000.0,6200.0,966.7257975393984
science,JWST,APT,MIRI/IFU,JWST,F770W,INFRARED,M31-CLUSTER-445,,jw06852003001_xx108_00004_miri,10.951922916666666,41.44823611111111,spectrum,"Goldman, Steven",-1,,,1242.276,INFRARED,6600.0,8800.0,Calibrating Stellar Evolutionary Models using M31 Clusters,,6852,GO,8,POLYGON 10.95179996807 41.44859017493 10.9529801557 41.44846614238 10.95279225172 41.44743489394 10.95160789479 41.44757306345,,,PUBLIC,False,,278799241,6600.0,8800.0,966.7257975393984
science,JWST,APT,MIRI/IFU,JWST,F1000W,INFRARED,M31-CLUSTER-445,,jw06852003001_xx10c_00004_miri,10.951922916666666,41.44823611111111,spectrum,"Goldman, Steven",-1,,,1242.276,INFRARED,9000.0,11000.0,Calibrating Stellar Evolutionary Models using M31 Clusters,,6852,GO,12,POLYGON 10.95179996807 41.44859017493 10.9529801557 41.44846614238 10.95279225172 41.44743489394 10.95160789479 41.44757306345,,,PUBLIC,False,,278799315,9000.0,11000.0,966.7257975393984
science,JWST,APT,MIRI/IFU,JWST,F560W,INFRARED,M31-CLUSTER-445,,jw06852003001_xx102_00002_miri,10.951922916666666,41.44823611111111,spectrum,"Goldman, Steven",-1,,,1242.276,INFRARED,5000.0,6200.0,Calibrating Stellar Evolutionary Models using M31 Clusters,,6852,GO,2,POLYGON 10.95170833614 41.44867467813 10.95288852548 41.44855064651 10.95270062271 41.44751939793 10.95151626405 41.4476575665,,,PUBLIC,False,,278799165,5000.0,6200.0,966.7434120436365
science,JWST,APT,MIRI/IFU,JWST,F770W,INFRARED,M31-CLUSTER-445,,jw06852003001_xx106_00002_miri,10.951922916666666,41.44823611111111,spectrum,"Goldman, Steven",-1,,,1242.276,INFRARED,6600.0,8800.0,Calibrating Stellar Evolutionary Models using M31 Clusters,,6852,GO,6,POLYGON 10.95170833614 41.44867467813 10.95288852548 41.44855064651 10.95270062271 41.44751939793 10.95151626405 41.4476575665,,,PUBLIC,False,,278799227,6600.0,8800.0,966.7434120436365
science,JWST,APT,MIRI/IFU,JWST,F1000W,INFRARED,M31-CLUSTER-445,,jw06852003001_xx10a_00002_miri,10.951922916666666,41.44823611111111,spectrum,"Goldman, Steven",-1,,,1242.276,INFRARED,9000.0,11000.0,Calibrating Stellar Evolutionary Models using M31 Clusters,,6852,GO,10,POLYGON 10.95170833614 41.44867467813 10.95288852548 41.44855064651 10.95270062271 41.44751939793 10.95151626405 41.4476575665,,,PUBLIC,False,,278799253,9000.0,11000.0,966.7434120436365
science,JWST,CALJWST,NIRCAM/IMAGE,JWST,F150W,INFRARED,M31-MSA-Catalog-1,,jw04735-o003_t002_nircam_clear-f150w,10.939937500000001,41.53207222222222,image,"Sandford, Nathan Ross",3,60540.530722916665,60540.59813167824,2233.248,INFRARED,1331.0,1668.0,A Closer Look at the Formation and Evolution of M31s Inner Disk,60906.63148148,4735,GO,,POLYGON 11.028452151 41.529695258 10.948200591 41.466032847 10.851213265 41.534474144 10.931454264 41.59820398,mast:JWST/product/jw04735-o003_t002_nircam_clear-f150w_i2d.jpg,mast:JWST/product/jw04735-o003_t002_nircam_clear-f150w_i2d.fits,PUBLIC,False,,228686638,1331.0,1668.0,1005.0726317003196
science,JWST,CALJWST,NIRCAM/IMAGE,JWST,F277W,INFRARED,M31-MSA-Catalog-1,,jw04735-o003_t002_nircam_clear-f277w,10.939937500000001,41.53207222222222,image,"Sandford, Nathan Ross",3,60540.530722916665,60540.59813167824,2233.248,INFRARED,2416.0,3127.0,A Closer Look at the Formation and Evolution of M31s Inner Disk,60906.63148148,4735,GO,,POLYGON 11.027336419 41.52900963 10.947530108 41.46677143 10.8523375 41.535103336 10.93213651 41.597407347,mast:JWST/product/jw04735-o003_t002_nircam_clear-f277w_i2d.jpg,mast:JWST/product/jw04735-o003_t002_nircam_clear-f277w_i2d.fits,PUBLIC,False,,228645224,2416.0,3127.0,1005.9757969443955
science,JWST,APT,MIRI/IFU,JWST,F560W,INFRARED,M31-CLUSTER-881,,jw06852004001_xx101_00001_miri,11.059657083333331,41.32223888888889,spectrum,"Goldman, Steven",-1,,,1218.386,INFRARED,5000.0,6200.0,Calibrating Stellar Evolutionary Models using M31 Clusters,,6852,GO,1,POLYGON 11.05875680524 41.32302776232 11.0599347175 41.32290373772 11.0597471884 41.32187248802 11.05856511462 41.32201064956,,,PUBLIC,False,,278799351,5000.0,6200.0,1029.2042112104732
science,JWST,APT,MIRI/IFU,JWST,F770W,INFRARED,M31-CLUSTER-881,,jw06852004001_xx105_00001_miri,11.059657083333331,41.32223888888889,spectrum,"Goldman, Steven",-1,,,1218.386,INFRARED,6600.0,8800.0,Calibrating Stellar Evolutionary Models using M31 Clusters,,6852,GO,5,POLYGON 11.05875680524 41.32302776232 11.0599347175 41.32290373772 11.0597471884 41.32187248802 11.05856511462 41.32201064956,,,PUBLIC,False,,278799482,6600.0,8800.0,1029.2042112104732
science,JWST,APT,MIRI/IFU,JWST,F1000W,INFRARED,M31-CLUSTER-881,,jw06852004001_xx109_00001_miri,11.059657083333331,41.32223888888889,spectrum,"Goldman, Steven",-1,,,1218.386,INFRARED,9000.0,11000.0,Calibrating Stellar Evolutionary Models using M31 Clusters,,6852,GO,9,POLYGON 11.05875680524 41.32302776232 11.0599347175 41.32290373772 11.0597471884 41.32187248802 11.05856511462 41.32201064956,,,PUBLIC,False,,278799518,9000.0,11000.0,1029.2042112104732
science,JWST,APT,MIRI/IFU,JWST,F560W,INFRARED,M31-CLUSTER-881,,jw06852004001_xx103_00003_miri,11.059657083333331,41.32223888888889,spectrum,"Goldman, Steven",-1,,,1218.386,INFRARED,5000.0,6200.0,Calibrating Stellar Evolutionary Models using M31 Clusters,,6852,GO,3,POLYGON 11.05884854523 41.32294230078 11.06002645578 41.32281827524 11.05983892547 41.32178702569 11.05865685344 41.32192518817,,,PUBLIC,False,,278799415,5000.0,6200.0,1029.3913944970227
science,JWST,APT,MIRI/IFU,JWST,F770W,INFRARED,M31-CLUSTER-881,,jw06852004001_xx107_00003_miri,11.059657083333331,41.32223888888889,spectrum,"Goldman, Steven",-1,,,1218.386,INFRARED,6600.0,8800.0,Calibrating Stellar Evolutionary Models using M31 Clusters,,6852,GO,7,POLYGON 11.05884854523 41.32294230078 11.06002645578 41.32281827524 11.05983892547 41.32178702569 11.05865685344 41.32192518817,,,PUBLIC,False,,278799511,6600.0,8800.0,1029.3913944970227
science,JWST,APT,MIRI/IFU,JWST,F1000W,INFRARED,M31-CLUSTER-881,,jw06852004001_xx10b_00003_miri,11.059657083333331,41.32223888888889,spectrum,"Goldman, Steven",-1,,,1218.386,INFRARED,9000.0,11000.0,Calibrating Stellar Evolutionary Models using M31 Clusters,,6852,GO,11,POLYGON 11.05884854523 41.32294230078 11.06002645578 41.32281827524 11.05983892547 41.32178702569 11.05865685344 41.32192518817,,,PUBLIC,False,,278799568,9000.0,11000.0,1029.3913944970227
science,JWST,APT,MIRI/IFU,JWST,F560W,INFRARED,M31-CLUSTER-881,,jw06852004001_xx102_00002_miri,11.059657083333331,41.32223888888889,spectrum,"Goldman, Steven",-1,,,1218.386,INFRARED,5000.0,6200.0,Calibrating Stellar Evolutionary Models using M31 Clusters,,6852,GO,2,POLYGON 11.05944291821 41.32267745591 11.06062082285 41.32255342431 11.06043328389 41.32152217572 11.05925121792 41.32166034428,,,PUBLIC,False,,278799387,5000.0,6200.0,1030.7964198348093
science,JWST,APT,MIRI/IFU,JWST,F770W,INFRARED,M31-CLUSTER-881,,jw06852004001_xx106_00002_miri,11.059657083333331,41.32223888888889,spectrum,"Goldman, Steven",-1,,,1218.386,INFRARED,6600.0,8800.0,Calibrating Stellar Evolutionary Models using M31 Clusters,,6852,GO,6,POLYGON 11.05944291821 41.32267745591 11.06062082285 41.32255342431 11.06043328389 41.32152217572 11.05925121792 41.32166034428,,,PUBLIC,False,,278799506,6600.0,8800.0,1030.7964198348093
science,JWST,APT,MIRI/IFU,JWST,F1000W,INFRARED,M31-CLUSTER-881,,jw06852004001_xx10a_00002_miri,11.059657083333331,41.32223888888889,spectrum,"Goldman, Steven",-1,,,1218.386,INFRARED,9000.0,11000.0,Calibrating Stellar Evolutionary Models using M31 Clusters,,6852,GO,10,POLYGON 11.05944291821 41.32267745591 11.06062082285 41.32255342431 11.06043328389 41.32152217572 11.05925121792 41.32166034428,,,PUBLIC,False,,278799539,9000.0,11000.0,1030.7964198348093
science,JWST,APT,MIRI/IFU,JWST,F560W,INFRARED,M31-CLUSTER-881,,jw06852004001_xx104_00004_miri,11.059657083333331,41.32223888888889,spectrum,"Goldman, Steven",-1,,,1218.386,INFRARED,5000.0,6200.0,Calibrating Stellar Evolutionary Models using M31 Clusters,,6852,GO,4,POLYGON 11.05953437275 41.32259295271 11.06071227568 41.32246892018 11.06052473552 41.32143767174 11.05934267128 41.32157584123,,,PUBLIC,False,,278799453,5000.0,6200.0,1030.98399993033
science,JWST,APT,MIRI/IFU,JWST,F770W,INFRARED,M31-CLUSTER-881,,jw06852004001_xx108_00004_miri,11.059657083333331,41.32223888888889,spectrum,"Goldman, Steven",-1,,,1218.386,INFRARED,6600.0,8800.0,Calibrating Stellar Evolutionary Models using M31 Clusters,,6852,GO,8,POLYGON 11.05953437275 41.32259295271 11.06071227568 41.32246892018 11.06052473552 41.32143767174 11.05934267128 41.32157584123,,,PUBLIC,False,,278799515,6600.0,8800.0,1030.98399993033
science,JWST,APT,MIRI/IFU,JWST,F1000W,INFRARED,M31-CLUSTER-881,,jw06852004001_xx10c_00004_miri,11.059657083333331,41.32223888888889,spectrum,"Goldman, Steven",-1,,,1218.386,INFRARED,9000.0,11000.0,Calibrating Stellar Evolutionary Models using M31 Clusters,,6852,GO,12,POLYGON 11.05953437275 41.32259295271 11.06071227568 41.32246892018 11.06052473552 41.32143767174 11.05934267128 41.32157584123,,,PUBLIC,False,,278799593,9000.0,11000.0,1030.98399993033
science,JWST,CALJWST,NIRSPEC/MSA,JWST,F100LP;G140H,INFRARED,M31-Phase2-MSA-Catalog-1,,jw04735-o001_s000096050_nirspec_f100lp-g140h,10.940401666666666,41.52950555555555,spectrum,"Sandford, Nathan Ross",3,60874.44666417824,60874.746348368055,7002.666,INFRARED,810.0,5000.0,A Closer Look at the Formation and Evolution of M31s Inner Disk,61240.12429397,4735,GO,,POLYGON 10.914623337 41.507980536 10.914743824 41.507980536 10.914743824 41.50770929 10.914623337 41.50770929,mast:JWST/product/jw04735-o001_s000096050_nirspec_f100lp-g140h_cal.jpg,mast:JWST/product/jw04735-o001_s000096050_nirspec_f100lp-g140h_s2d.fits,EXCLUSIVE_ACCESS,False,,298686851,810.0,5000.0,1060.964100772514
science,JWST,CALJWST,NIRSPEC/MSA,JWST,F100LP;G140H,INFRARED,M31-Phase2-MSA-Catalog-1,,jw04735-o001_b000000259_nirspec_f100lp-g140h,10.940401666666666,41.52950555555555,spectrum,"Sandford, Nathan Ross",3,60874.44666417824,60874.746348368055,7002.666,INFRARED,810.0,5000.0,A Closer Look at the Formation and Evolution of M31s Inner Disk,61240.12429397,4735,GO,,POLYGON 10.914373246 41.508353335 10.914493724 41.508353335 10.914493724 41.508082083 10.914373246 41.508082083,mast:JWST/product/jw04735-o001_b000000259_nirspec_f100lp-g140h_cal.jpg,mast:JWST/product/jw04735-o001_b000000259_nirspec_f100lp-g140h_s2d.fits,EXCLUSIVE_ACCESS,False,,298686805,810.0,5000.0,1061.6567120499315
science,JWST,CALJWST,NIRSPEC/MSA,JWST,F100LP;G140H,INFRARED,M31-Phase2-MSA-Catalog-1,,jw04735-o001_s000000639_nirspec_f100lp-g140h,10.940401666666666,41.52950555555555,spectrum,"Sandford, Nathan Ross",3,60874.44666417824,60874.746348368055,7002.666,INFRARED,810.0,5000.0,A Closer Look at the Formation and Evolution of M31s Inner Disk,61240.12429397,4735,GO,,POLYGON 10.909742152 41.511049242 10.909862483 41.511049242 10.909862483 41.510777471 10.909742152 41.510777471,mast:JWST/product/jw04735-o001_s000000639_nirspec_f100lp-g140h_cal.jpg,mast:JWST/product/jw04735-o001_s000000639_nirspec_f100lp-g140h_s2d.fits,EXCLUSIVE_ACCESS,False,,298686733,810.0,5000.0,1062.3340743119184
science,JWST,CALJWST,NIRCAM/IMAGE,JWST,F090W,INFRARED,M31-Phase2-MSA-Catalog-1,,jw04735-o001_t012_nircam_clear-f090w,10.940401666666666,41.52950555555555,image,"Sandford, Nathan Ross",3,60874.47090769676,60874.65109734954,13141.812,INFRARED,795.0,1004.9999999999999,A Closer Look at the Formation and Evolution of M31s Inner Disk,61240.10869219,4735,GO,,POLYGON 11.083934148 41.420974533 11.040274841 41.401680568 10.982110822 41.475580341 11.025802583 41.494896299,mast:JWST/product/jw04735-o001_t012_nircam_clear-f090w_i2d.jpg,mast:JWST/product/jw04735-o001_t012_nircam_clear-f090w_i2d.fits,EXCLUSIVE_ACCESS,False,,298686596,795.0,1004.9999999999999,1070.8300113109622
science,JWST,CALJWST,NIRCAM/IMAGE,JWST,F150W,INFRARED,M31-Phase2-MSA-Catalog-1,,jw04735-o001_t012_nircam_clear-f150w,10.940401666666666,41.52950555555555,image,"Sandford, Nathan Ross",3,60874.66041640046,60874.745789849534,6570.906,INFRARED,1331.0,1668.0,A Closer Look at the Formation and Evolution of M31s Inner Disk,61240.10869219,4735,GO,,POLYGON 11.083799929 41.421264401 11.040211204 41.402001716 10.982148382 41.475772779 11.025769453 41.495057383,mast:JWST/product/jw04735-o001_t012_nircam_clear-f150w_i2d.jpg,mast:JWST/product/jw04735-o001_t012_nircam_clear-f150w_i2d.fits,EXCLUSIVE_ACCESS,False,,298686513,1331.0,1668.0,1071.2692453340694
science,JWST,CALJWST,NIRCAM/IMAGE,JWST,F356W,INFRARED,M31-Phase2-MSA-Catalog-1,,jw04735-o001_t012_nircam_clear-f356w,10.940401666666666,41.52950555555555,image,"Sandford, Nathan Ross",3,60874.47090769676,60874.60648480324,9856.359,INFRARED,3140.0,3980.0,A Closer Look at the Formation and Evolution of M31s Inner Disk,61240.10869219,4735,GO,,POLYGON 11.08274201 41.420608235 11.040173731 41.402158743 10.983268213 41.475880287 11.025868702 41.494350758,mast:JWST/product/jw04735-o001_t012_nircam_clear-f356w_i2d.jpg,mast:JWST/product/jw04735-o001_t012_nircam_clear-f356w_i2d.fits,EXCLUSIVE_ACCESS,False,,298686512,3140.0,3980.0,1072.0786525645706
science,JWST,CALJWST,NIRCAM/IMAGE,JWST,F444W,INFRARED,M31-Phase2-MSA-Catalog-1,,jw04735-o001_t012_nircam_clear-f444w,10.940401666666666,41.52950555555555,image,"Sandford, Nathan Ross",3,60874.609963854164,60874.745789849534,9856.359,INFRARED,3880.0,4986.0,A Closer Look at the Formation and Evolution of M31s Inner Disk,61240.10869219,4735,GO,,POLYGON 11.082711833 41.420784222 11.040140192 41.402333353 10.983241956 41.476045394 11.025845804 41.494517241,mast:JWST/product/jw04735-o001_t012_nircam_clear-f444w_i2d.jpg,mast:JWST/product/jw04735-o001_t012_nircam_clear-f444w_i2d.fits,EXCLUSIVE_ACCESS,False,,298686511,3880.0,4986.0,1072.3149750746704
science,JWST,CALJWST,NIRSPEC/MSA,JWST,F100LP;G140H,INFRARED,M31-Phase2-MSA-Catalog-1,,jw04735-o001_b000000008_nirspec_f100lp-g140h,10.940401666666666,41.52950555555555,spectrum,"Sandford, Nathan Ross",3,60874.44666417824,60874.746348368055,7002.666,INFRARED,810.0,5000.0,A Closer Look at the Formation and Evolution of M31s Inner Disk,61240.12429397,4735,GO,,POLYGON 10.911857881 41.514184131 10.911978523 41.514184131 10.911978523 41.513911544 10.911857881 41.513911544,mast:JWST/product/jw04735-o001_b000000008_nirspec_f100lp-g140h_cal.jpg,mast:JWST/product/jw04735-o001_b000000008_nirspec_f100lp-g140h_s2d.fits,EXCLUSIVE_ACCESS,False,,298686910,810.0,5000.0,1074.849977702835
science,JWST,CALJWST,NIRSPEC/MSA,JWST,F100LP;G140H,INFRARED,M31-Phase2-MSA-Catalog-1,,jw04735-o001_s000095525_nirspec_f100lp-g140h,10.940401666666666,41.52950555555555,spectrum,"Sandford, Nathan Ross",3,60874.44666417824,60874.746348368055,7002.666,INFRARED,810.0,5000.0,A Closer Look at the Formation and Evolution of M31s Inner Disk,61240.12429397,4735,GO,,POLYGON 10.917676253 41.511339979 10.917797105 41.511339979 10.917797105 41.511067945 10.917676253 41.511067945,mast:JWST/product/jw04735-o001_s000095525_nirspec_f100lp-g140h_cal.jpg,mast:JWST/product/jw04735-o001_s000095525_nirspec_f100lp-g140h_s2d.fits,EXCLUSIVE_ACCESS,False,,298686738,810.0,5000.0,1075.584488117211
science,JWST,CALJWST,NIRSPEC/MSA,JWST,F100LP;G140H,INFRARED,M31-Phase2-MSA-Catalog-1,,jw04735-o001_s000032953_nirspec_f100lp-g140h,10.940401666666666,41.52950555555555,spectrum,"Sandford, Nathan Ross",3,60874.44666417824,60874.746348368055,7002.666,INFRARED,810.0,5000.0,A Closer Look at the Formation and Evolution of M31s Inner Disk,61240.12429397,4735,GO,,POLYGON 10.90292336 41.519809809 10.903103767 41.519809809 10.903103767 41.519399774 10.90292336 41.519399774,mast:JWST/product/jw04735-o001_s000032953_nirspec_f100lp-g140h_cal.jpg,mast:JWST/product/jw04735-o001_s000032953_nirspec_f100lp-g140h_s2d.fits,EXCLUSIVE_ACCESS,False,,298686909,810.0,5000.0,1077.7360060583649
science,JWST,CALJWST,NIRSPEC/MSA,JWST,F100LP;G140H,INFRARED,M31-Phase2-MSA-Catalog-1,,jw04735-o001_s000000416_nirspec_f100lp-g140h,10.940401666666666,41.52950555555555,spectrum,"Sandford, Nathan Ross",3,60874.44666417824,60874.746348368055,7002.666,INFRARED,810.0,5000.0,A Closer Look at the Formation and Evolution of M31s Inner Disk,61240.12429397,4735,GO,,POLYGON 10.902980756 41.519808781 10.903101046 41.519808781 10.903101046 41.519535336 10.902980756 41.519535336,mast:JWST/product/jw04735-o001_s000000416_nirspec_f100lp-g140h_cal.jpg,mast:JWST/product/jw04735-o001_s000000416_nirspec_f100lp-g140h_s2d.fits,EXCLUSIVE_ACCESS,False,,298686871,810.0,5000.0,1078.229066604724
science,JWST,CALJWST,NIRSPEC/MSA,JWST,F100LP;G140H,INFRARED,M31-Phase2-MSA-Catalog-1,,jw04735-o001_b000000132_nirspec_f100lp-g140h,10.940401666666666,41.52950555555555,spectrum,"Sandford, Nathan Ross",3,60874.44666417824,60874.746348368055,7002.666,INFRARED,810.0,5000.0,A Closer Look at the Formation and Evolution of M31s Inner Disk,61240.12429397,4735,GO,,POLYGON 10.912610078 41.517060894 10.912730934 41.517060894 10.912730934 41.516787658 10.912610078 41.516787658,mast:JWST/product/jw04735-o001_b000000132_nirspec_f100lp-g140h_cal.jpg,mast:JWST/product/jw04735-o001_b000000132_nirspec_f100lp-g140h_s2d.fits,EXCLUSIVE_ACCESS,False,,298686794,810.0,5000.0,1084.5119239743135
science,JWST,CALJWST,NIRSPEC/MSA,JWST,F100LP;G140H,INFRARED,M31-Phase2-MSA-Catalog-1,,jw04735-o001_s000001234_nirspec_f100lp-g140h,10.940401666666666,41.52950555555555,spectrum,"Sandford, Nathan Ross",3,60874.44666417824,60874.746348368055,7002.666,INFRARED,810.0,5000.0,A Closer Look at the Formation and Evolution of M31s Inner Disk,61240.12429397,4735,GO,,POLYGON 10.90220592 41.522312683 10.902326287 41.522312683 10.902326287 41.522038748 10.90220592 41.522038748,mast:JWST/product/jw04735-o001_s000001234_nirspec_f100lp-g140h_cal.jpg,mast:JWST/product/jw04735-o001_s000001234_nirspec_f100lp-g140h_s2d.fits,EXCLUSIVE_ACCESS,False,,298686870,810.0,5000.0,1084.6456696192522
science,JWST,CALJWST,NIRSPEC/MSA,JWST,F100LP;G140H,INFRARED,M31-Phase2-MSA-Catalog-1,,jw04735-o001_b000000133_nirspec_f100lp-g140h,10.940401666666666,41.52950555555555,spectrum,"Sandford, Nathan Ross",3,60874.44666417824,60874.746348368055,7002.666,INFRARED,810.0,5000.0,A Closer Look at the Formation and Evolution of M31s Inner Disk,61240.12429397,4735,GO,,POLYGON 10.924402072 41.511019234 10.92452338 41.511019234 10.92452338 41.510747023 10.924402072 41.510747023,mast:JWST/product/jw04735-o001_b000000133_nirspec_f100lp-g140h_cal.jpg,mast:JWST/product/jw04735-o001_b000000133_nirspec_f100lp-g140h_s2d.fits,EXCLUSIVE_ACCESS,False,,298686858,810.0,5000.0,1085.3841765037885
science,JWST,CALJWST,NIRSPEC/MSA,JWST,F100LP;G140H,INFRARED,M31-Phase2-MSA-Catalog-1,,jw04735-o001_s000001304_nirspec_f100lp-g140h,10.940401666666666,41.52950555555555,spectrum,"Sandford, Nathan Ross",3,60874.44666417824,60874.746348368055,7002.666,INFRARED,810.0,5000.0,A Closer Look at the Formation and Evolution of M31s Inner Disk,61240.12429397,4735,GO,,POLYGON 10.901228405 41.523176512 10.901348757 41.523176512 10.901348757 41.5229024 10.901228405 41.5229024,mast:JWST/product/jw04735-o001_s000001304_nirspec_f100lp-g140h_cal.jpg,mast:JWST/product/jw04735-o001_s000001304_nirspec_f100lp-g140h_s2d.fits,EXCLUSIVE_ACCESS,False,,298686898,810.0,5000.0,1085.8347993364946
science,JWST,CALJWST,NIRSPEC/MSA,JWST,F100LP;G140H,INFRARED,M31-Phase2-MSA-Catalog-1,,jw04735-o001_s000095548_nirspec_f100lp-g140h,10.940401666666666,41.52950555555555,spectrum,"Sandford, Nathan Ross",3,60874.44666417824,60874.746348368055,7002.666,INFRARED,810.0,5000.0,A Closer Look at the Formation and Evolution of M31s Inner Disk,61240.12429397,4735,GO,,POLYGON 10.923647612 41.512129308 10.923768928 41.512129308 10.923768928 41.511856909 10.923647612 41.511856909,mast:JWST/product/jw04735-o001_s000095548_nirspec_f100lp-g140h_cal.jpg,mast:JWST/product/jw04735-o001_s000095548_nirspec_f100lp-g140h_s2d.fits,EXCLUSIVE_ACCESS,False,,298686787,810.0,5000.0,1087.3800695691027
science,JWST,CALJWST,NIRSPEC/MSA,JWST,F100LP;G140H,INFRARED,M31-Phase2-MSA-Catalog-1,,jw04735-o001_s000003684_nirspec_f100lp-g140h,10.940401666666666,41.52950555555555,spectrum,"Sandford, Nathan Ross",3,60874.44666417824,60874.746348368055,7002.666,INFRARED,810.0,5000.0,A Closer Look at the Formation and Evolution of M31s Inner Disk,61240.12429397,4735,GO,,POLYGON 10.918382832 41.516215779 10.918504029 41.516215779 10.918504029 41.515942615 10.918382832 41.515942615,mast:JWST/product/jw04735-o001_s000003684_nirspec_f100lp-g140h_cal.jpg,mast:JWST/product/jw04735-o001_s000003684_nirspec_f100lp-g140h_s2d.fits,EXCLUSIVE_ACCESS,False,,298686885,810.0,5000.0,1090.954782335668
science,JWST,CALJWST,NIRSPEC/MSA,JWST,F100LP;G140H,INFRARED,M31-Phase2-MSA-Catalog-1,,jw04735-o001_s000097242_nirspec_f100lp-g140h,10.940401666666666,41.52950555555555,spectrum,"Sandford, Nathan Ross",3,60874.44666417824,60874.746348368055,14005.332000000004,INFRARED,810.0,5000.0,A Closer Look at the Formation and Evolution of M31s Inner Disk,61240.12429397,4735,GO,,POLYGON 10.922102402 41.514644338 10.92228447 41.514644338 10.92228447 41.514234873 10.922102402 41.514234873,mast:JWST/product/jw04735-o001_s000097242_nirspec_f100lp-g140h_cal.jpg,mast:JWST/product/jw04735-o001_s000097242_nirspec_f100lp-g140h_s2d.fits,EXCLUSIVE_ACCESS,False,,298686867,810.0,5000.0,1091.819159347539
science,JWST,CALJWST,NIRSPEC/MSA,JWST,F100LP;G140H,INFRARED,M31-Phase2-MSA-Catalog-1,,jw04735-o001_s000101617_nirspec_f100lp-g140h,10.940401666666666,41.52950555555555,spectrum,"Sandford, Nathan Ross",3,60874.44666417824,60874.746348368055,21007.998000000007,INFRARED,810.0,5000.0,A Closer Look at the Formation and Evolution of M31s Inner Disk,61240.12429397,4735,GO,,POLYGON 10.950712978 41.500141121 10.950835593 41.500141121 10.950835593 41.499870143 10.950712978 41.499870143,mast:JWST/product/jw04735-o001_s000101617_nirspec_f100lp-g140h_cal.jpg,mast:JWST/product/jw04735-o001_s000101617_nirspec_f100lp-g140h_s2d.fits,EXCLUSIVE_ACCESS,False,,298686905,810.0,5000.0,1099.3215321835646
science,JWST,CALJWST,NIRSPEC/MSA,JWST,F100LP;G140H,INFRARED,M31-Phase2-MSA-Catalog-1,,jw04735-o001_s000106499_nirspec_f100lp-g140h,10.940401666666666,41.52950555555555,spectrum,"Sandford, Nathan Ross",3,60874.44666417824,60874.746348368055,14005.332000000004,INFRARED,810.0,5000.0,A Closer Look at the Formation and Evolution of M31s Inner Disk,61240.12429397,4735,GO,,POLYGON 10.95324443 41.498592505 10.953367137 41.498592505 10.953367137 41.498321712 10.95324443 41.498321712,mast:JWST/product/jw04735-o001_s000106499_nirspec_f100lp-g140h_cal.jpg,mast:JWST/product/jw04735-o001_s000106499_nirspec_f100lp-g140h_s2d.fits,EXCLUSIVE_ACCESS,False,,298686686,810.0,5000.0,1099.6124701966992
science,JWST,CALJWST,NIRSPEC/MSA,JWST,F100LP;G140H,INFRARED,M31-Phase2-MSA-Catalog-1,,jw04735-o001_s000100143_nirspec_f100lp-g140h,10.940401666666666,41.52950555555555,spectrum,"Sandford, Nathan Ross",3,60874.44666417824,60874.746348368055,21007.998000000007,INFRARED,810.0,5000.0,A Closer Look at the Formation and Evolution of M31s Inner Disk,61240.12429397,4735,GO,,POLYGON 10.951900251 41.499539429 10.952022917 41.499539429 10.952022917 41.499268516 10.951900251 41.499268516,mast:JWST/product/jw04735-o001_s000100143_nirspec_f100lp-g140h_cal.jpg,mast:JWST/product/jw04735-o001_s000100143_nirspec_f100lp-g140h_s2d.fits,EXCLUSIVE_ACCESS,False,,298686713,810.0,5000.0,1099.7871445865878
science,JWST,CALJWST,NIRSPEC/MSA,JWST,F100LP;G140H,INFRARED,M31-Phase2-MSA-Catalog-1,,jw04735-o001_s000097603_nirspec_f100lp-g140h,10.940401666666666,41.52950555555555,spectrum,"Sandford, Nathan Ross",3,60874.44666417824,60874.746348368055,21007.998000000007,INFRARED,810.0,5000.0,A Closer Look at the Formation and Evolution of M31s Inner Disk,61240.12429397,4735,GO,,POLYGON 10.951305398 41.500298391 10.95142807 41.500298391 10.95142807 41.500027353 10.951305398 41.500027353,mast:JWST/product/jw04735-o001_s000097603_nirspec_f100lp-g140h_cal.jpg,mast:JWST/product/jw04735-o001_s000097603_nirspec_f100lp-g140h_s2d.fits,EXCLUSIVE_ACCESS,False,,298686854,810.0,5000.0,1100.7954544608758
science,JWST,CALJWST,NIRSPEC/MSA,JWST,F100LP;G140H,INFRARED,M31-Phase2-MSA-Catalog-1,,jw04735-o001_s000112353_nirspec_f100lp-g140h,10.940401666666666,41.52950555555555,spectrum,"Sandford, Nathan Ross",3,60874.44666417824,60874.746348368055,7002.666,INFRARED,810.0,5000.0,A Closer Look at the Formation and Evolution of M31s Inner Disk,61240.12429397,4735,GO,,POLYGON 10.951833518 41.501235331 10.95195629 41.501235331 10.95195629 41.500964106 10.951833518 41.500964106,mast:JWST/product/jw04735-o001_s000112353_nirspec_f100lp-g140h_cal.jpg,mast:JWST/product/jw04735-o001_s000112353_nirspec_f100lp-g140h_s2d.fits,EXCLUSIVE_ACCESS,False,,298686796,810.0,5000.0,1104.2764617348905
science,JWST,CALJWST,NIRSPEC/MSA,JWST,F100LP;G140H,INFRARED,M31-Phase2-MSA-Catalog-1,,jw04735-o001_b000000277_nirspec_f100lp-g140h,10.940401666666666,41.52950555555555,spectrum,"Sandford, Nathan Ross",3,60874.44666417824,60874.746348368055,7002.666,INFRARED,810.0,5000.0,A Closer Look at the Formation and Evolution of M31s Inner Disk,61240.12429397,4735,GO,,POLYGON 10.951708482 41.501421355 10.951831249 41.501421355 10.951831249 41.50115013 10.951708482 41.50115013,mast:JWST/product/jw04735-o001_b000000277_nirspec_f100lp-g140h_cal.jpg,mast:JWST/product/jw04735-o001_b000000277_nirspec_f100lp-g140h_s2d.fits,EXCLUSIVE_ACCESS,False,,298686803,810.0,5000.0,1104.562296540894
science,JWST,CALJWST,NIRSPEC/MSA,JWST,F100LP;G140H,INFRARED,M31-Phase2-MSA-Catalog-1,,jw04735-o001_s000096982_nirspec_f100lp-g140h,10.940401666666666,41.52950555555555,spectrum,"Sandford, Nathan Ross",3,60874.44666417824,60874.746348368055,21007.998000000007,INFRARED,810.0,5000.0,A Closer Look at the Formation and Evolution of M31s Inner Disk,61240.12429397,4735,GO,,POLYGON 10.951018948 41.502796635 10.951203175 41.502796635 10.951203175 41.502389372 10.951018948 41.502389372,mast:JWST/product/jw04735-o001_s000096982_nirspec_f100lp-g140h_cal.jpg,mast:JWST/product/jw04735-o001_s000096982_nirspec_f100lp-g140h_s2d.fits,EXCLUSIVE_ACCESS,False,,298686710,810.0,5000.0,1106.7294292219085
science,JWST,CALJWST,NIRSPEC/MSA,JWST,F100LP;G140H,INFRARED,M31-Phase2-MSA-Catalog-1,,jw04735-o001_b000000040_nirspec_f100lp-g140h,10.940401666666666,41.52950555555555,spectrum,"Sandford, Nathan Ross",3,60874.44666417824,60874.746348368055,7002.666,INFRARED,810.0,5000.0,A Closer Look at the Formation and Evolution of M31s Inner Disk,61240.12429397,4735,GO,,POLYGON 10.954489095 41.500417503 10.954612029 41.500417503 10.954612029 41.500146277 10.954489095 41.500146277,mast:JWST/product/jw04735-o001_b000000040_nirspec_f100lp-g140h_cal.jpg,mast:JWST/product/jw04735-o001_b000000040_nirspec_f100lp-g140h_s2d.fits,EXCLUSIVE_ACCESS,False,,298686729,810.0,5000.0,1106.761622017196
science,JWST,CALJWST,NIRSPEC/MSA,JWST,F100LP;G140H,INFRARED,M31-Phase2-MSA-Catalog-1,,jw04735-o001_s000096212_nirspec_f100lp-g140h,10.940401666666666,41.52950555555555,spectrum,"Sandford, Nathan Ross",3,60874.44666417824,60874.746348368055,7002.666,INFRARED,810.0,5000.0,A Closer Look at the Formation and Evolution of M31s Inner Disk,61240.12429397,4735,GO,,POLYGON 10.954675635 41.50082915 10.954798615 41.50082915 10.954798615 41.500557833 10.954675635 41.500557833,mast:JWST/product/jw04735-o001_s000096212_nirspec_f100lp-g140h_cal.jpg,mast:JWST/product/jw04735-o001_s000096212_nirspec_f100lp-g140h_s2d.fits,EXCLUSIVE_ACCESS,False,,298686829,810.0,5000.0,1108.2071181937606
science,JWST,CALJWST,NIRSPEC/MSA,JWST,F100LP;G140H,INFRARED,M31-Phase2-MSA-Catalog-1,,jw04735-o001_s000100228_nirspec_f100lp-g140h,10.940401666666666,41.52950555555555,spectrum,"Sandford, Nathan Ross",3,60874.44666417824,60874.746348368055,14005.332000000004,INFRARED,810.0,5000.0,A Closer Look at the Formation and Evolution of M31s Inner Disk,61240.12429397,4735,GO,,POLYGON 10.951266975 41.503345138 10.951451306 41.503345138 10.951451306 41.50293766 10.951266975 41.50293766,mast:JWST/product/jw04735-o001_s000100228_nirspec_f100lp-g140h_cal.jpg,mast:JWST/product/jw04735-o001_s000100228_nirspec_f100lp-g140h_s2d.fits,EXCLUSIVE_ACCESS,False,,298686824,810.0,5000.0,1108.6632138603036
science,JWST,CALJWST,NIRSPEC/MSA,JWST,F100LP;G140H,INFRARED,M31-Phase2-MSA-Catalog-1,,jw04735-o001_s000094949_nirspec_f100lp-g140h,10.940401666666666,41.52950555555555,spectrum,"Sandford, Nathan Ross",3,60874.44666417824,60874.746348368055,14005.332000000004,INFRARED,810.0,5000.0,A Closer Look at the Formation and Evolution of M31s Inner Disk,61240.12429397,4735,GO,,POLYGON 10.958553818 41.498795899 10.958676958 41.498795899 10.958676958 41.498524787 10.958553818 41.498524787,mast:JWST/product/jw04735-o001_s000094949_nirspec_f100lp-g140h_cal.jpg,mast:JWST/product/jw04735-o001_s000094949_nirspec_f100lp-g140h_s2d.fits,EXCLUSIVE_ACCESS,False,,298686789,810.0,5000.0,1109.6687406613883
science,JWST,CALJWST,NIRSPEC/MSA,JWST,F100LP;G140H,INFRARED,M31-Phase2-MSA-Catalog-1,,jw04735-o001_s000001210_nirspec_f100lp-g140h,10.940401666666666,41.52950555555555,spectrum,"Sandford, Nathan Ross",3,60874.44666417824,60874.746348368055,7002.666,INFRARED,810.0,5000.0,A Closer Look at the Formation and Evolution of M31s Inner Disk,61240.12429397,4735,GO,,POLYGON 10.921711323 41.520902011 10.921833094 41.520902011 10.921833094 41.520627596 10.921711323 41.520627596,mast:JWST/product/jw04735-o001_s000001210_nirspec_f100lp-g140h_cal.jpg,mast:JWST/product/jw04735-o001_s000001210_nirspec_f100lp-g140h_s2d.fits,EXCLUSIVE_ACCESS,False,,298686915,810.0,5000.0,1109.9017103976223
science,JWST,CALJWST,NIRSPEC/MSA,JWST,F100LP;G140H,INFRARED,M31-Phase2-MSA-Catalog-1,,jw04735-o001_s000102425_nirspec_f100lp-g140h,10.940401666666666,41.52950555555555,spectrum,"Sandford, Nathan Ross",3,60874.44666417824,60874.746348368055,21007.998000000007,INFRARED,810.0,5000.0,A Closer Look at the Formation and Evolution of M31s Inner Disk,61240.12429397,4735,GO,,POLYGON 10.955018307 41.501356918 10.955141353 41.501356918 10.955141353 41.501085479 10.955018307 41.501085479,mast:JWST/product/jw04735-o001_s000102425_nirspec_f100lp-g140h_cal.jpg,mast:JWST/product/jw04735-o001_s000102425_nirspec_f100lp-g140h_s2d.fits,EXCLUSIVE_ACCESS,False,,298686894,810.0,5000.0,1110.2447339009345
science,JWST,CALJWST,NIRSPEC/MSA,JWST,F100LP;G140H,INFRARED,M31-Phase2-MSA-Catalog-1,,jw04735-o001_s000098662_nirspec_f100lp-g140h,10.940401666666666,41.52950555555555,spectrum,"Sandford, Nathan Ross",3,60874.44666417824,60874.746348368055,21007.998000000007,INFRARED,810.0,5000.0,A Closer Look at the Formation and Evolution of M31s Inner Disk,61240.12429397,4735,GO,,POLYGON 10.951575592 41.504950598 10.95176013 41.504950598 10.95176013 41.504542626 10.951575592 41.504542626,mast:JWST/product/jw04735-o001_s000098662_nirspec_f100lp-g140h_cal.jpg,mast:JWST/product/jw04735-o001_s000098662_nirspec_f100lp-g140h_s2d.fits,EXCLUSIVE_ACCESS,False,,298686893,810.0,5000.0,1113.5968940832142
science,JWST,CALJWST,NIRSPEC/MSA,JWST,F100LP;G140H,INFRARED,M31-Phase2-MSA-Catalog-1,,jw04735-o001_s000097265_nirspec_f100lp-g140h,10.940401666666666,41.52950555555555,spectrum,"Sandford, Nathan Ross",3,60874.44666417824,60874.746348368055,21007.998000000007,INFRARED,810.0,5000.0,A Closer Look at the Formation and Evolution of M31s Inner Disk,61240.12429397,4735,GO,,POLYGON 10.959240047 41.499983928 10.959424985 41.499983928 10.959424985 41.499576843 10.959240047 41.499576843,mast:JWST/product/jw04735-o001_s000097265_nirspec_f100lp-g140h_cal.jpg,mast:JWST/product/jw04735-o001_s000097265_nirspec_f100lp-g140h_s2d.fits,EXCLUSIVE_ACCESS,False,,298686696,810.0,5000.0,1113.7241136312282
science,JWST,CALJWST,NIRSPEC/MSA,JWST,F100LP;G140H,INFRARED,M31-Phase2-MSA-Catalog-1,,jw04735-o001_s000099931_nirspec_f100lp-g140h,10.940401666666666,41.52950555555555,spectrum,"Sandford, Nathan Ross",3,60874.44666417824,60874.746348368055,21007.998000000007,INFRARED,810.0,5000.0,A Closer Look at the Formation and Evolution of M31s Inner Disk,61240.12429397,4735,GO,,POLYGON 10.965001797 41.495970843 10.965125243 41.495970843 10.965125243 41.495699916 10.965001797 41.495699916,mast:JWST/product/jw04735-o001_s000099931_nirspec_f100lp-g140h_cal.jpg,mast:JWST/product/jw04735-o001_s000099931_nirspec_f100lp-g140h_s2d.fits,EXCLUSIVE_ACCESS,False,,298686782,810.0,5000.0,1113.8838708713874
